timeStamp,elapsed,label,responseCode,responseMessage,threadName,dataType,success,failureMessage,bytes,sentBytes,grpThreads,allThreads,Latency,IdleTime,Connect
1539195394519,-1000,java.net.ConnectException: Connection refused: connect,,java.net.ConnectException: Connection refused: connect,,,false,,0,0,0,0,0,0,0
1539195395528,-1000,java.net.ConnectException: Connection refused: connect,,java.net.ConnectException: Connection refused: connect,,,false,,0,0,0,0,0,0,0
1539195396528,-1000,java.net.ConnectException: Connection refused: connect,,java.net.ConnectException: Connection refused: connect,,,false,,0,0,0,0,0,0,0
1539195397529,-1000,java.net.ConnectException: Connection refused: connect,,java.net.ConnectException: Connection refused: connect,,,false,,0,0,0,0,0,0,0
1539195398530,-1000,java.net.ConnectException: Connection refused: connect,,java.net.ConnectException: Connection refused: connect,,,false,,0,0,0,0,0,0,0
1539195399531,-1000,java.net.ConnectException: Connection refused: connect,,java.net.ConnectException: Connection refused: connect,,,false,,0,0,0,0,0,0,0
1539195400532,-1000,java.net.ConnectException: Connection refused: connect,,java.net.ConnectException: Connection refused: connect,,,false,,0,0,0,0,0,0,0
1539195401533,-1000,java.net.ConnectException: Connection refused: connect,,java.net.ConnectException: Connection refused: connect,,,false,,0,0,0,0,0,0,0
1539195402549,-1000,java.net.ConnectException: Connection refused: connect,,java.net.ConnectException: Connection refused: connect,,,false,,0,0,0,0,0,0,0
1539195403550,-1000,java.net.ConnectException: Connection refused: connect,,java.net.ConnectException: Connection refused: connect,,,false,,0,0,0,0,0,0,0
1539195404551,-1000,java.net.ConnectException: Connection refused: connect,,java.net.ConnectException: Connection refused: connect,,,false,,0,0,0,0,0,0,0
1539195405553,-1000,java.net.ConnectException: Connection refused: connect,,java.net.ConnectException: Connection refused: connect,,,false,,0,0,0,0,0,0,0
1539195406555,-1000,java.net.ConnectException: Connection refused: connect,,java.net.ConnectException: Connection refused: connect,,,false,,0,0,0,0,0,0,0
1539195407555,-1000,java.net.ConnectException: Connection refused: connect,,java.net.ConnectException: Connection refused: connect,,,false,,0,0,0,0,0,0,0
1539195408577,-1000,java.net.ConnectException: Connection refused: connect,,java.net.ConnectException: Connection refused: connect,,,false,,0,0,0,0,0,0,0
1539195409581,-1000,java.net.ConnectException: Connection refused: connect,,java.net.ConnectException: Connection refused: connect,,,false,,0,0,0,0,0,0,0
1539195410582,-1000,java.net.ConnectException: Connection refused: connect,,java.net.ConnectException: Connection refused: connect,,,false,,0,0,0,0,0,0,0
1539195411583,-1000,java.net.ConnectException: Connection refused: connect,,java.net.ConnectException: Connection refused: connect,,,false,,0,0,0,0,0,0,0
1539195412584,-1000,java.net.ConnectException: Connection refused: connect,,java.net.ConnectException: Connection refused: connect,,,false,,0,0,0,0,0,0,0
1539195413585,-1000,java.net.ConnectException: Connection refused: connect,,java.net.ConnectException: Connection refused: connect,,,false,,0,0,0,0,0,0,0
1539195414585,-1000,java.net.ConnectException: Connection refused: connect,,java.net.ConnectException: Connection refused: connect,,,false,,0,0,0,0,0,0,0
1539195415623,-1000,java.net.ConnectException: Connection refused: connect,,java.net.ConnectException: Connection refused: connect,,,false,,0,0,0,0,0,0,0
