timeStamp,elapsed,label,responseCode,responseMessage,threadName,dataType,success,failureMessage,bytes,sentBytes,grpThreads,allThreads,Latency,IdleTime,Connect
1539195394995,-1000,java.net.ConnectException: Connection refused: connect,,java.net.ConnectException: Connection refused: connect,,,false,,0,0,0,0,0,0,0
1539195396065,-1000,java.net.ConnectException: Connection refused: connect,,java.net.ConnectException: Connection refused: connect,,,false,,0,0,0,0,0,0,0
1539195397065,-1000,java.net.ConnectException: Connection refused: connect,,java.net.ConnectException: Connection refused: connect,,,false,,0,0,0,0,0,0,0
1539195398067,-1000,java.net.ConnectException: Connection refused: connect,,java.net.ConnectException: Connection refused: connect,,,false,,0,0,0,0,0,0,0
1539195399068,-1000,java.net.ConnectException: Connection refused: connect,,java.net.ConnectException: Connection refused: connect,,,false,,0,0,0,0,0,0,0
1539195400069,-1000,java.net.ConnectException: Connection refused: connect,,java.net.ConnectException: Connection refused: connect,,,false,,0,0,0,0,0,0,0
1539195401071,-1000,java.net.ConnectException: Connection refused: connect,,java.net.ConnectException: Connection refused: connect,,,false,,0,0,0,0,0,0,0
1539195402074,-1000,java.net.ConnectException: Connection refused: connect,,java.net.ConnectException: Connection refused: connect,,,false,,0,0,0,0,0,0,0
1539195403075,-1000,java.net.ConnectException: Connection refused: connect,,java.net.ConnectException: Connection refused: connect,,,false,,0,0,0,0,0,0,0
1539195404076,-1000,java.net.ConnectException: Connection refused: connect,,java.net.ConnectException: Connection refused: connect,,,false,,0,0,0,0,0,0,0
1539195405078,-1000,java.net.ConnectException: Connection refused: connect,,java.net.ConnectException: Connection refused: connect,,,false,,0,0,0,0,0,0,0
1539195406080,-1000,java.net.ConnectException: Connection refused: connect,,java.net.ConnectException: Connection refused: connect,,,false,,0,0,0,0,0,0,0
1539195407081,-1000,java.net.ConnectException: Connection refused: connect,,java.net.ConnectException: Connection refused: connect,,,false,,0,0,0,0,0,0,0
1539195408087,-1000,java.net.ConnectException: Connection refused: connect,,java.net.ConnectException: Connection refused: connect,,,false,,0,0,0,0,0,0,0
1539195409097,-1000,java.net.ConnectException: Connection refused: connect,,java.net.ConnectException: Connection refused: connect,,,false,,0,0,0,0,0,0,0
1539195410098,-1000,java.net.ConnectException: Connection refused: connect,,java.net.ConnectException: Connection refused: connect,,,false,,0,0,0,0,0,0,0
1539195411135,-1000,java.net.ConnectException: Connection refused: connect,,java.net.ConnectException: Connection refused: connect,,,false,,0,0,0,0,0,0,0
1539195412138,-1000,java.net.ConnectException: Connection refused: connect,,java.net.ConnectException: Connection refused: connect,,,false,,0,0,0,0,0,0,0
1539195413140,-1000,java.net.ConnectException: Connection refused: connect,,java.net.ConnectException: Connection refused: connect,,,false,,0,0,0,0,0,0,0
1539195414141,-1000,java.net.ConnectException: Connection refused: connect,,java.net.ConnectException: Connection refused: connect,,,false,,0,0,0,0,0,0,0
1539195415150,-1000,java.net.ConnectException: Connection refused: connect,,java.net.ConnectException: Connection refused: connect,,,false,,0,0,0,0,0,0,0
