timeStamp,elapsed,label,responseCode,responseMessage,threadName,dataType,success,failureMessage,bytes,sentBytes,grpThreads,allThreads,Latency,IdleTime,Connect
1539195396949,-1000,java.net.ConnectException: Connection refused: connect,,java.net.ConnectException: Connection refused: connect,,,false,,0,0,0,0,0,0,0
1539195397950,-1000,java.net.ConnectException: Connection refused: connect,,java.net.ConnectException: Connection refused: connect,,,false,,0,0,0,0,0,0,0
1539195398950,-1000,java.net.ConnectException: Connection refused: connect,,java.net.ConnectException: Connection refused: connect,,,false,,0,0,0,0,0,0,0
1539195399951,-1000,java.net.ConnectException: Connection refused: connect,,java.net.ConnectException: Connection refused: connect,,,false,,0,0,0,0,0,0,0
1539195400952,-1000,java.net.ConnectException: Connection refused: connect,,java.net.ConnectException: Connection refused: connect,,,false,,0,0,0,0,0,0,0
1539195401964,-1000,java.net.ConnectException: Connection refused: connect,,java.net.ConnectException: Connection refused: connect,,,false,,0,0,0,0,0,0,0
1539195402965,-1000,java.net.ConnectException: Connection refused: connect,,java.net.ConnectException: Connection refused: connect,,,false,,0,0,0,0,0,0,0
1539195403966,-1000,java.net.ConnectException: Connection refused: connect,,java.net.ConnectException: Connection refused: connect,,,false,,0,0,0,0,0,0,0
1539195404966,-1000,java.net.ConnectException: Connection refused: connect,,java.net.ConnectException: Connection refused: connect,,,false,,0,0,0,0,0,0,0
1539195405967,-1000,java.net.ConnectException: Connection refused: connect,,java.net.ConnectException: Connection refused: connect,,,false,,0,0,0,0,0,0,0
1539195406968,-1000,java.net.ConnectException: Connection refused: connect,,java.net.ConnectException: Connection refused: connect,,,false,,0,0,0,0,0,0,0
1539195407979,-1000,java.net.ConnectException: Connection refused: connect,,java.net.ConnectException: Connection refused: connect,,,false,,0,0,0,0,0,0,0
1539195408986,-1000,java.net.ConnectException: Connection refused: connect,,java.net.ConnectException: Connection refused: connect,,,false,,0,0,0,0,0,0,0
1539195409987,-1000,java.net.ConnectException: Connection refused: connect,,java.net.ConnectException: Connection refused: connect,,,false,,0,0,0,0,0,0,0
1539195410989,-1000,java.net.ConnectException: Connection refused: connect,,java.net.ConnectException: Connection refused: connect,,,false,,0,0,0,0,0,0,0
1539195411994,-1000,java.net.ConnectException: Connection refused: connect,,java.net.ConnectException: Connection refused: connect,,,false,,0,0,0,0,0,0,0
1539195412998,-1000,java.net.ConnectException: Connection refused: connect,,java.net.ConnectException: Connection refused: connect,,,false,,0,0,0,0,0,0,0
1539195413998,-1000,java.net.ConnectException: Connection refused: connect,,java.net.ConnectException: Connection refused: connect,,,false,,0,0,0,0,0,0,0
1539195415018,-1000,java.net.ConnectException: Connection refused: connect,,java.net.ConnectException: Connection refused: connect,,,false,,0,0,0,0,0,0,0
1539195416058,-1000,java.net.ConnectException: Connection refused: connect,,java.net.ConnectException: Connection refused: connect,,,false,,0,0,0,0,0,0,0
