timeStamp,elapsed,label,responseCode,responseMessage,threadName,dataType,success,failureMessage,bytes,sentBytes,grpThreads,allThreads,Latency,IdleTime,Connect
1549403192873,0,10.17.174.209 Network I/O,,,,,true,,0,0,0,0,0,0,0
1549403193886,73676000,10.17.174.209 Network I/O,,,,,true,,0,0,0,0,0,0,0
1549403194896,137180000,10.17.174.209 Network I/O,,,,,true,,0,0,0,0,0,0,0
1549403195896,109872000,10.17.174.209 Network I/O,,,,,true,,0,0,0,0,0,0,0
1549403196896,52924000,10.17.174.209 Network I/O,,,,,true,,0,0,0,0,0,0,0
1549403197903,61980000,10.17.174.209 Network I/O,,,,,true,,0,0,0,0,0,0,0
1549403198921,54912000,10.17.174.209 Network I/O,,,,,true,,0,0,0,0,0,0,0
1549403199922,63544000,10.17.174.209 Network I/O,,,,,true,,0,0,0,0,0,0,0
1549403200953,63084000,10.17.174.209 Network I/O,,,,,true,,0,0,0,0,0,0,0
1549403201967,67660000,10.17.174.209 Network I/O,,,,,true,,0,0,0,0,0,0,0
1549403202981,35376000,10.17.174.209 Network I/O,,,,,true,,0,0,0,0,0,0,0
1549403203984,38936000,10.17.174.209 Network I/O,,,,,true,,0,0,0,0,0,0,0
1549403204999,20080000,10.17.174.209 Network I/O,,,,,true,,0,0,0,0,0,0,0
1549403206013,39596000,10.17.174.209 Network I/O,,,,,true,,0,0,0,0,0,0,0
1549403207029,66732000,10.17.174.209 Network I/O,,,,,true,,0,0,0,0,0,0,0
1549403208032,54944000,10.17.174.209 Network I/O,,,,,true,,0,0,0,0,0,0,0
1549403209044,37620000,10.17.174.209 Network I/O,,,,,true,,0,0,0,0,0,0,0
1549403210059,43548000,10.17.174.209 Network I/O,,,,,true,,0,0,0,0,0,0,0
1549403211063,19224000,10.17.174.209 Network I/O,,,,,true,,0,0,0,0,0,0,0
1549403212066,38864000,10.17.174.209 Network I/O,,,,,true,,0,0,0,0,0,0,0
1549403213079,31936000,10.17.174.209 Network I/O,,,,,true,,0,0,0,0,0,0,0
1549403214095,50032000,10.17.174.209 Network I/O,,,,,true,,0,0,0,0,0,0,0
1549403215098,45684000,10.17.174.209 Network I/O,,,,,true,,0,0,0,0,0,0,0
1549403216125,71276000,10.17.174.209 Network I/O,,,,,true,,0,0,0,0,0,0,0
1549403217126,37844000,10.17.174.209 Network I/O,,,,,true,,0,0,0,0,0,0,0
1549403218128,55492000,10.17.174.209 Network I/O,,,,,true,,0,0,0,0,0,0,0
1549403219128,29748000,10.17.174.209 Network I/O,,,,,true,,0,0,0,0,0,0,0
1549403220142,48480000,10.17.174.209 Network I/O,,,,,true,,0,0,0,0,0,0,0
1549403221144,44920000,10.17.174.209 Network I/O,,,,,true,,0,0,0,0,0,0,0
1549403222160,29408000,10.17.174.209 Network I/O,,,,,true,,0,0,0,0,0,0,0
1549403223175,17700000,10.17.174.209 Network I/O,,,,,true,,0,0,0,0,0,0,0
1549403224192,31412000,10.17.174.209 Network I/O,,,,,true,,0,0,0,0,0,0,0
1549403225205,68688000,10.17.174.209 Network I/O,,,,,true,,0,0,0,0,0,0,0
1549403226205,68456000,10.17.174.209 Network I/O,,,,,true,,0,0,0,0,0,0,0
1549403227206,49780000,10.17.174.209 Network I/O,,,,,true,,0,0,0,0,0,0,0
1549403228207,38176000,10.17.174.209 Network I/O,,,,,true,,0,0,0,0,0,0,0
1549403229215,76216000,10.17.174.209 Network I/O,,,,,true,,0,0,0,0,0,0,0
1549403230226,61844000,10.17.174.209 Network I/O,,,,,true,,0,0,0,0,0,0,0
1549403231226,35440000,10.17.174.209 Network I/O,,,,,true,,0,0,0,0,0,0,0
1549403232240,46604000,10.17.174.209 Network I/O,,,,,true,,0,0,0,0,0,0,0
1549403233254,35028000,10.17.174.209 Network I/O,,,,,true,,0,0,0,0,0,0,0
1549403234272,54600000,10.17.174.209 Network I/O,,,,,true,,0,0,0,0,0,0,0
1549403235272,50320000,10.17.174.209 Network I/O,,,,,true,,0,0,0,0,0,0,0
1549403236286,39156000,10.17.174.209 Network I/O,,,,,true,,0,0,0,0,0,0,0
1549403237318,60144000,10.17.174.209 Network I/O,,,,,true,,0,0,0,0,0,0,0
1549403238318,35452000,10.17.174.209 Network I/O,,,,,true,,0,0,0,0,0,0,0
1549403239319,58256000,10.17.174.209 Network I/O,,,,,true,,0,0,0,0,0,0,0
1549403240319,53632000,10.17.174.209 Network I/O,,,,,true,,0,0,0,0,0,0,0
1549403241319,30148000,10.17.174.209 Network I/O,,,,,true,,0,0,0,0,0,0,0
1549403242333,51948000,10.17.174.209 Network I/O,,,,,true,,0,0,0,0,0,0,0
1549403243339,43352000,10.17.174.209 Network I/O,,,,,true,,0,0,0,0,0,0,0
1549403244351,27804000,10.17.174.209 Network I/O,,,,,true,,0,0,0,0,0,0,0
1549403245352,71236000,10.17.174.209 Network I/O,,,,,true,,0,0,0,0,0,0,0
1549403246364,52048000,10.17.174.209 Network I/O,,,,,true,,0,0,0,0,0,0,0
1549403247381,46576000,10.17.174.209 Network I/O,,,,,true,,0,0,0,0,0,0,0
1549403248411,137208000,10.17.174.209 Network I/O,,,,,true,,0,0,0,0,0,0,0
1549403249411,89392000,10.17.174.209 Network I/O,,,,,true,,0,0,0,0,0,0,0
1549403250426,53544000,10.17.174.209 Network I/O,,,,,true,,0,0,0,0,0,0,0
1549403251444,64236000,10.17.174.209 Network I/O,,,,,true,,0,0,0,0,0,0,0
1549403252469,49220000,10.17.174.209 Network I/O,,,,,true,,0,0,0,0,0,0,0
1549403253490,35104000,10.17.174.209 Network I/O,,,,,true,,0,0,0,0,0,0,0
1549403254504,34292000,10.17.174.209 Network I/O,,,,,true,,0,0,0,0,0,0,0
1549403255522,54076000,10.17.174.209 Network I/O,,,,,true,,0,0,0,0,0,0,0
1549403256522,53348000,10.17.174.209 Network I/O,,,,,true,,0,0,0,0,0,0,0
1549403257523,31736000,10.17.174.209 Network I/O,,,,,true,,0,0,0,0,0,0,0
1549403258535,34160000,10.17.174.209 Network I/O,,,,,true,,0,0,0,0,0,0,0
1549403259537,21132000,10.17.174.209 Network I/O,,,,,true,,0,0,0,0,0,0,0
1549403260538,36820000,10.17.174.209 Network I/O,,,,,true,,0,0,0,0,0,0,0
1549403261539,37108000,10.17.174.209 Network I/O,,,,,true,,0,0,0,0,0,0,0
1549403262553,52000000,10.17.174.209 Network I/O,,,,,true,,0,0,0,0,0,0,0
1549403263557,39040000,10.17.174.209 Network I/O,,,,,true,,0,0,0,0,0,0,0
1549403264567,61840000,10.17.174.209 Network I/O,,,,,true,,0,0,0,0,0,0,0
1549403265569,88304000,10.17.174.209 Network I/O,,,,,true,,0,0,0,0,0,0,0
1549403266586,83175000,10.17.174.209 Network I/O,,,,,true,,0,0,0,0,0,0,0
1549403267587,63666000,10.17.174.209 Network I/O,,,,,true,,0,0,0,0,0,0,0
1549403268589,45254000,10.17.174.209 Network I/O,,,,,true,,0,0,0,0,0,0,0
1549403269604,48617000,10.17.174.209 Network I/O,,,,,true,,0,0,0,0,0,0,0
1549403270620,56536000,10.17.174.209 Network I/O,,,,,true,,0,0,0,0,0,0,0
1549403271620,51700000,10.17.174.209 Network I/O,,,,,true,,0,0,0,0,0,0,0
1549403272648,50064000,10.17.174.209 Network I/O,,,,,true,,0,0,0,0,0,0,0
1549403273667,33192000,10.17.174.209 Network I/O,,,,,true,,0,0,0,0,0,0,0
1549403274667,31224000,10.17.174.209 Network I/O,,,,,true,,0,0,0,0,0,0,0
1549403275668,45144000,10.17.174.209 Network I/O,,,,,true,,0,0,0,0,0,0,0
1549403276686,48548000,10.17.174.209 Network I/O,,,,,true,,0,0,0,0,0,0,0
1549403277714,65732000,10.17.174.209 Network I/O,,,,,true,,0,0,0,0,0,0,0
1549403278729,72468000,10.17.174.209 Network I/O,,,,,true,,0,0,0,0,0,0,0
1549403279729,48844000,10.17.174.209 Network I/O,,,,,true,,0,0,0,0,0,0,0
1549403280735,74215000,10.17.174.209 Network I/O,,,,,true,,0,0,0,0,0,0,0
1549403281759,78105000,10.17.174.209 Network I/O,,,,,true,,0,0,0,0,0,0,0
1549403282776,53548000,10.17.174.209 Network I/O,,,,,true,,0,0,0,0,0,0,0
1549403283811,51716000,10.17.174.209 Network I/O,,,,,true,,0,0,0,0,0,0,0
1549403284830,59412000,10.17.174.209 Network I/O,,,,,true,,0,0,0,0,0,0,0
1549403285836,97516000,10.17.174.209 Network I/O,,,,,true,,0,0,0,0,0,0,0
1549403286839,80628000,10.17.174.209 Network I/O,,,,,true,,0,0,0,0,0,0,0
1549403287840,105180000,10.17.174.209 Network I/O,,,,,true,,0,0,0,0,0,0,0
1549403288840,39736000,10.17.174.209 Network I/O,,,,,true,,0,0,0,0,0,0,0
1549403289840,34196000,10.17.174.209 Network I/O,,,,,true,,0,0,0,0,0,0,0
1549403290852,79344000,10.17.174.209 Network I/O,,,,,true,,0,0,0,0,0,0,0
1549403291853,41860000,10.17.174.209 Network I/O,,,,,true,,0,0,0,0,0,0,0
1549403292853,24564000,10.17.174.209 Network I/O,,,,,true,,0,0,0,0,0,0,0
1549403293869,56572000,10.17.174.209 Network I/O,,,,,true,,0,0,0,0,0,0,0
1549403294886,57600000,10.17.174.209 Network I/O,,,,,true,,0,0,0,0,0,0,0
1549403295915,40567000,10.17.174.209 Network I/O,,,,,true,,0,0,0,0,0,0,0
1549403296915,37205000,10.17.174.209 Network I/O,,,,,true,,0,0,0,0,0,0,0
1549403297915,46072000,10.17.174.209 Network I/O,,,,,true,,0,0,0,0,0,0,0
1549403298916,49236000,10.17.174.209 Network I/O,,,,,true,,0,0,0,0,0,0,0
1549403299930,48416000,10.17.174.209 Network I/O,,,,,true,,0,0,0,0,0,0,0
1549403300946,43384000,10.17.174.209 Network I/O,,,,,true,,0,0,0,0,0,0,0
1549403301962,30684000,10.17.174.209 Network I/O,,,,,true,,0,0,0,0,0,0,0
1549403302977,51364000,10.17.174.209 Network I/O,,,,,true,,0,0,0,0,0,0,0
1549403303993,47396000,10.17.174.209 Network I/O,,,,,true,,0,0,0,0,0,0,0
1549403305011,49332000,10.17.174.209 Network I/O,,,,,true,,0,0,0,0,0,0,0
1549403306024,79244000,10.17.174.209 Network I/O,,,,,true,,0,0,0,0,0,0,0
1549403307025,69428000,10.17.174.209 Network I/O,,,,,true,,0,0,0,0,0,0,0
1549403308041,178164000,10.17.174.209 Network I/O,,,,,true,,0,0,0,0,0,0,0
1549403309056,123107000,10.17.174.209 Network I/O,,,,,true,,0,0,0,0,0,0,0
1549403310084,99174000,10.17.174.209 Network I/O,,,,,true,,0,0,0,0,0,0,0
1549403311086,59223000,10.17.174.209 Network I/O,,,,,true,,0,0,0,0,0,0,0
1549403312091,51976000,10.17.174.209 Network I/O,,,,,true,,0,0,0,0,0,0,0
1549403313106,37955000,10.17.174.209 Network I/O,,,,,true,,0,0,0,0,0,0,0
1549403314118,59141000,10.17.174.209 Network I/O,,,,,true,,0,0,0,0,0,0,0
1549403315120,56196000,10.17.174.209 Network I/O,,,,,true,,0,0,0,0,0,0,0
1549403316134,41356000,10.17.174.209 Network I/O,,,,,true,,0,0,0,0,0,0,0
1549403317136,79272000,10.17.174.209 Network I/O,,,,,true,,0,0,0,0,0,0,0
1549403318137,74092000,10.17.174.209 Network I/O,,,,,true,,0,0,0,0,0,0,0
1549403319137,52707000,10.17.174.209 Network I/O,,,,,true,,0,0,0,0,0,0,0
1549403320166,63085000,10.17.174.209 Network I/O,,,,,true,,0,0,0,0,0,0,0
1549403321195,64664000,10.17.174.209 Network I/O,,,,,true,,0,0,0,0,0,0,0
1549403322197,80320000,10.17.174.209 Network I/O,,,,,true,,0,0,0,0,0,0,0
1549403323201,45720000,10.17.174.209 Network I/O,,,,,true,,0,0,0,0,0,0,0
1549403324202,39032000,10.17.174.209 Network I/O,,,,,true,,0,0,0,0,0,0,0
1549403325231,49524000,10.17.174.209 Network I/O,,,,,true,,0,0,0,0,0,0,0
1549403326233,35256000,10.17.174.209 Network I/O,,,,,true,,0,0,0,0,0,0,0
1549403327246,68268000,10.17.174.209 Network I/O,,,,,true,,0,0,0,0,0,0,0
1549403328261,45576000,10.17.174.209 Network I/O,,,,,true,,0,0,0,0,0,0,0
1549403329279,44884000,10.17.174.209 Network I/O,,,,,true,,0,0,0,0,0,0,0
1549403330279,44808000,10.17.174.209 Network I/O,,,,,true,,0,0,0,0,0,0,0
1549403331295,64216000,10.17.174.209 Network I/O,,,,,true,,0,0,0,0,0,0,0
1549403332310,41856000,10.17.174.209 Network I/O,,,,,true,,0,0,0,0,0,0,0
1549403333326,68992000,10.17.174.209 Network I/O,,,,,true,,0,0,0,0,0,0,0
1549403334339,63608000,10.17.174.209 Network I/O,,,,,true,,0,0,0,0,0,0,0
1549403335355,41372000,10.17.174.209 Network I/O,,,,,true,,0,0,0,0,0,0,0
1549403336372,58076000,10.17.174.209 Network I/O,,,,,true,,0,0,0,0,0,0,0
1549403337376,57460000,10.17.174.209 Network I/O,,,,,true,,0,0,0,0,0,0,0
1549403338395,65468000,10.17.174.209 Network I/O,,,,,true,,0,0,0,0,0,0,0
1549403339402,51192000,10.17.174.209 Network I/O,,,,,true,,0,0,0,0,0,0,0
1549403340417,44200000,10.17.174.209 Network I/O,,,,,true,,0,0,0,0,0,0,0
1549403341432,54296000,10.17.174.209 Network I/O,,,,,true,,0,0,0,0,0,0,0
1549403342448,54476000,10.17.174.209 Network I/O,,,,,true,,0,0,0,0,0,0,0
1549403343449,68468000,10.17.174.209 Network I/O,,,,,true,,0,0,0,0,0,0,0
1549403344467,58738000,10.17.174.209 Network I/O,,,,,true,,0,0,0,0,0,0,0
1549403345478,90414000,10.17.174.209 Network I/O,,,,,true,,0,0,0,0,0,0,0
1549403346495,85396000,10.17.174.209 Network I/O,,,,,true,,0,0,0,0,0,0,0
1549403347497,58840000,10.17.174.209 Network I/O,,,,,true,,0,0,0,0,0,0,0
1549403348513,38152000,10.17.174.209 Network I/O,,,,,true,,0,0,0,0,0,0,0
1549403349526,59436000,10.17.174.209 Network I/O,,,,,true,,0,0,0,0,0,0,0
1549403350527,64032000,10.17.174.209 Network I/O,,,,,true,,0,0,0,0,0,0,0
1549403351543,39228000,10.17.174.209 Network I/O,,,,,true,,0,0,0,0,0,0,0
1549403352558,50048000,10.17.174.209 Network I/O,,,,,true,,0,0,0,0,0,0,0
1549403353574,61772000,10.17.174.209 Network I/O,,,,,true,,0,0,0,0,0,0,0
1549403354578,30847000,10.17.174.209 Network I/O,,,,,true,,0,0,0,0,0,0,0
1549403355592,65793000,10.17.174.209 Network I/O,,,,,true,,0,0,0,0,0,0,0
1549403356633,57364000,10.17.174.209 Network I/O,,,,,true,,0,0,0,0,0,0,0
1549403357638,54976000,10.17.174.209 Network I/O,,,,,true,,0,0,0,0,0,0,0
1549403358652,34596000,10.17.174.209 Network I/O,,,,,true,,0,0,0,0,0,0,0
1549403359654,35852000,10.17.174.209 Network I/O,,,,,true,,0,0,0,0,0,0,0
1549403360656,46112000,10.17.174.209 Network I/O,,,,,true,,0,0,0,0,0,0,0
1549403361670,50368000,10.17.174.209 Network I/O,,,,,true,,0,0,0,0,0,0,0
1549403362670,35160000,10.17.174.209 Network I/O,,,,,true,,0,0,0,0,0,0,0
1549403363670,43708000,10.17.174.209 Network I/O,,,,,true,,0,0,0,0,0,0,0
1549403364685,46384000,10.17.174.209 Network I/O,,,,,true,,0,0,0,0,0,0,0
1549403365698,79436000,10.17.174.209 Network I/O,,,,,true,,0,0,0,0,0,0,0
1549403366714,42248000,10.17.174.209 Network I/O,,,,,true,,0,0,0,0,0,0,0
1549403367742,64580000,10.17.174.209 Network I/O,,,,,true,,0,0,0,0,0,0,0
1549403368744,98988000,10.17.174.209 Network I/O,,,,,true,,0,0,0,0,0,0,0
1549403369745,106324000,10.17.174.209 Network I/O,,,,,true,,0,0,0,0,0,0,0
1549403370763,81176000,10.17.174.209 Network I/O,,,,,true,,0,0,0,0,0,0,0
1549403371763,51348000,10.17.174.209 Network I/O,,,,,true,,0,0,0,0,0,0,0
1549403372763,60956000,10.17.174.209 Network I/O,,,,,true,,0,0,0,0,0,0,0
1549403373779,52172000,10.17.174.209 Network I/O,,,,,true,,0,0,0,0,0,0,0
1549403374794,44080000,10.17.174.209 Network I/O,,,,,true,,0,0,0,0,0,0,0
1549403375794,39968000,10.17.174.209 Network I/O,,,,,true,,0,0,0,0,0,0,0
1549403376807,75872000,10.17.174.209 Network I/O,,,,,true,,0,0,0,0,0,0,0
1549403377811,59836000,10.17.174.209 Network I/O,,,,,true,,0,0,0,0,0,0,0
1549403378854,61684000,10.17.174.209 Network I/O,,,,,true,,0,0,0,0,0,0,0
1549403379856,36220000,10.17.174.209 Network I/O,,,,,true,,0,0,0,0,0,0,0
1549403380866,41316000,10.17.174.209 Network I/O,,,,,true,,0,0,0,0,0,0,0
1549403381866,66628000,10.17.174.209 Network I/O,,,,,true,,0,0,0,0,0,0,0
1549403382867,34208000,10.17.174.209 Network I/O,,,,,true,,0,0,0,0,0,0,0
1549403383868,53524000,10.17.174.209 Network I/O,,,,,true,,0,0,0,0,0,0,0
1549403384909,26240000,10.17.174.209 Network I/O,,,,,true,,0,0,0,0,0,0,0
1549403385930,42676000,10.17.174.209 Network I/O,,,,,true,,0,0,0,0,0,0,0
1549403386932,55952000,10.17.174.209 Network I/O,,,,,true,,0,0,0,0,0,0,0
1549403387932,72340000,10.17.174.209 Network I/O,,,,,true,,0,0,0,0,0,0,0
1549403388947,51140000,10.17.174.209 Network I/O,,,,,true,,0,0,0,0,0,0,0
1549403389961,33988000,10.17.174.209 Network I/O,,,,,true,,0,0,0,0,0,0,0
1549403390977,55516000,10.17.174.209 Network I/O,,,,,true,,0,0,0,0,0,0,0
1549403391977,57616000,10.17.174.209 Network I/O,,,,,true,,0,0,0,0,0,0,0
1549403392979,67784000,10.17.174.209 Network I/O,,,,,true,,0,0,0,0,0,0,0
1549403393980,27176000,10.17.174.209 Network I/O,,,,,true,,0,0,0,0,0,0,0
1549403395008,44284000,10.17.174.209 Network I/O,,,,,true,,0,0,0,0,0,0,0
1549403396024,79652000,10.17.174.209 Network I/O,,,,,true,,0,0,0,0,0,0,0
1549403397025,64136000,10.17.174.209 Network I/O,,,,,true,,0,0,0,0,0,0,0
1549403398025,91952000,10.17.174.209 Network I/O,,,,,true,,0,0,0,0,0,0,0
1549403399042,47352000,10.17.174.209 Network I/O,,,,,true,,0,0,0,0,0,0,0
1549403400070,60044000,10.17.174.209 Network I/O,,,,,true,,0,0,0,0,0,0,0
1549403401071,56660000,10.17.174.209 Network I/O,,,,,true,,0,0,0,0,0,0,0
1549403402086,88408000,10.17.174.209 Network I/O,,,,,true,,0,0,0,0,0,0,0
1549403403088,32304000,10.17.174.209 Network I/O,,,,,true,,0,0,0,0,0,0,0
1549403404089,65680000,10.17.174.209 Network I/O,,,,,true,,0,0,0,0,0,0,0
1549403405104,44332000,10.17.174.209 Network I/O,,,,,true,,0,0,0,0,0,0,0
1549403406117,120492000,10.17.174.209 Network I/O,,,,,true,,0,0,0,0,0,0,0
1549403407117,59900000,10.17.174.209 Network I/O,,,,,true,,0,0,0,0,0,0,0
1549403408119,54948000,10.17.174.209 Network I/O,,,,,true,,0,0,0,0,0,0,0
1549403409133,52480000,10.17.174.209 Network I/O,,,,,true,,0,0,0,0,0,0,0
1549403410148,54880000,10.17.174.209 Network I/O,,,,,true,,0,0,0,0,0,0,0
1549403411149,55411000,10.17.174.209 Network I/O,,,,,true,,0,0,0,0,0,0,0
1549403412150,43089000,10.17.174.209 Network I/O,,,,,true,,0,0,0,0,0,0,0
1549403413167,49974000,10.17.174.209 Network I/O,,,,,true,,0,0,0,0,0,0,0
1549403414172,43838000,10.17.174.209 Network I/O,,,,,true,,0,0,0,0,0,0,0
1549403415181,71376000,10.17.174.209 Network I/O,,,,,true,,0,0,0,0,0,0,0
1549403416182,8136000,10.17.174.209 Network I/O,,,,,true,,0,0,0,0,0,0,0
1549403417196,56784000,10.17.174.209 Network I/O,,,,,true,,0,0,0,0,0,0,0
1549403418212,57852000,10.17.174.209 Network I/O,,,,,true,,0,0,0,0,0,0,0
1549403419227,58428000,10.17.174.209 Network I/O,,,,,true,,0,0,0,0,0,0,0
1549403420227,65696000,10.17.174.209 Network I/O,,,,,true,,0,0,0,0,0,0,0
1549403421242,43316000,10.17.174.209 Network I/O,,,,,true,,0,0,0,0,0,0,0
1549403422243,80552000,10.17.174.209 Network I/O,,,,,true,,0,0,0,0,0,0,0
1549403423258,43480000,10.17.174.209 Network I/O,,,,,true,,0,0,0,0,0,0,0
1549403424275,39260000,10.17.174.209 Network I/O,,,,,true,,0,0,0,0,0,0,0
1549403425275,43020000,10.17.174.209 Network I/O,,,,,true,,0,0,0,0,0,0,0
1549403426291,86572000,10.17.174.209 Network I/O,,,,,true,,0,0,0,0,0,0,0
1549403427307,62172000,10.17.174.209 Network I/O,,,,,true,,0,0,0,0,0,0,0
1549403428308,118676000,10.17.174.209 Network I/O,,,,,true,,0,0,0,0,0,0,0
1549403429321,113844000,10.17.174.209 Network I/O,,,,,true,,0,0,0,0,0,0,0
1549403430336,61800000,10.17.174.209 Network I/O,,,,,true,,0,0,0,0,0,0,0
1549403431337,83856000,10.17.174.209 Network I/O,,,,,true,,0,0,0,0,0,0,0
1549403432351,47484000,10.17.174.209 Network I/O,,,,,true,,0,0,0,0,0,0,0
1549403433352,102204000,10.17.174.209 Network I/O,,,,,true,,0,0,0,0,0,0,0
1549403434371,61900000,10.17.174.209 Network I/O,,,,,true,,0,0,0,0,0,0,0
1549403435388,52540000,10.17.174.209 Network I/O,,,,,true,,0,0,0,0,0,0,0
1549403436400,67948000,10.17.174.209 Network I/O,,,,,true,,0,0,0,0,0,0,0
1549403437401,88528000,10.17.174.209 Network I/O,,,,,true,,0,0,0,0,0,0,0
1549403438419,60824000,10.17.174.209 Network I/O,,,,,true,,0,0,0,0,0,0,0
1549403439450,94232000,10.17.174.209 Network I/O,,,,,true,,0,0,0,0,0,0,0
1549403440450,91844000,10.17.174.209 Network I/O,,,,,true,,0,0,0,0,0,0,0
1549403441454,75860000,10.17.174.209 Network I/O,,,,,true,,0,0,0,0,0,0,0
1549403442456,27136000,10.17.174.209 Network I/O,,,,,true,,0,0,0,0,0,0,0
1549403443475,63092000,10.17.174.209 Network I/O,,,,,true,,0,0,0,0,0,0,0
1549403444475,57936000,10.17.174.209 Network I/O,,,,,true,,0,0,0,0,0,0,0
1549403445488,82004000,10.17.174.209 Network I/O,,,,,true,,0,0,0,0,0,0,0
1549403446512,44264000,10.17.174.209 Network I/O,,,,,true,,0,0,0,0,0,0,0
1549403447521,77378000,10.17.174.209 Network I/O,,,,,true,,0,0,0,0,0,0,0
1549403448522,92102000,10.17.174.209 Network I/O,,,,,true,,0,0,0,0,0,0,0
1549403449550,111992000,10.17.174.209 Network I/O,,,,,true,,0,0,0,0,0,0,0
1549403450551,57212000,10.17.174.209 Network I/O,,,,,true,,0,0,0,0,0,0,0
1549403451552,70156000,10.17.174.209 Network I/O,,,,,true,,0,0,0,0,0,0,0
1549403452569,66168000,10.17.174.209 Network I/O,,,,,true,,0,0,0,0,0,0,0
1549403453573,81764000,10.17.174.209 Network I/O,,,,,true,,0,0,0,0,0,0,0
1549403454581,66052000,10.17.174.209 Network I/O,,,,,true,,0,0,0,0,0,0,0
1549403455598,109807000,10.17.174.209 Network I/O,,,,,true,,0,0,0,0,0,0,0
1549403456599,90521000,10.17.174.209 Network I/O,,,,,true,,0,0,0,0,0,0,0
1549403457615,66316000,10.17.174.209 Network I/O,,,,,true,,0,0,0,0,0,0,0
1549403458630,62208000,10.17.174.209 Network I/O,,,,,true,,0,0,0,0,0,0,0
1549403459647,73260000,10.17.174.209 Network I/O,,,,,true,,0,0,0,0,0,0,0
1549403460664,67980000,10.17.174.209 Network I/O,,,,,true,,0,0,0,0,0,0,0
1549403461677,61844000,10.17.174.209 Network I/O,,,,,true,,0,0,0,0,0,0,0
1549403462707,59848000,10.17.174.209 Network I/O,,,,,true,,0,0,0,0,0,0,0
1549403463725,39316000,10.17.174.209 Network I/O,,,,,true,,0,0,0,0,0,0,0
1549403464726,66156000,10.17.174.209 Network I/O,,,,,true,,0,0,0,0,0,0,0
1549403465742,42072000,10.17.174.209 Network I/O,,,,,true,,0,0,0,0,0,0,0
1549403466759,135596000,10.17.174.209 Network I/O,,,,,true,,0,0,0,0,0,0,0
1549403467771,60596000,10.17.174.209 Network I/O,,,,,true,,0,0,0,0,0,0,0
1549403468785,74192000,10.17.174.209 Network I/O,,,,,true,,0,0,0,0,0,0,0
1549403469803,46220000,10.17.174.209 Network I/O,,,,,true,,0,0,0,0,0,0,0
1549403470804,73212000,10.17.174.209 Network I/O,,,,,true,,0,0,0,0,0,0,0
1549403471816,67692000,10.17.174.209 Network I/O,,,,,true,,0,0,0,0,0,0,0
1549403472817,65356000,10.17.174.209 Network I/O,,,,,true,,0,0,0,0,0,0,0
1549403473834,71516000,10.17.174.209 Network I/O,,,,,true,,0,0,0,0,0,0,0
1549403474849,74220000,10.17.174.209 Network I/O,,,,,true,,0,0,0,0,0,0,0
1549403475864,75200000,10.17.174.209 Network I/O,,,,,true,,0,0,0,0,0,0,0
1549403476882,83764000,10.17.174.209 Network I/O,,,,,true,,0,0,0,0,0,0,0
1549403477884,61896000,10.17.174.209 Network I/O,,,,,true,,0,0,0,0,0,0,0
1549403478898,81990000,10.17.174.209 Network I/O,,,,,true,,0,0,0,0,0,0,0
1549403479918,91626000,10.17.174.209 Network I/O,,,,,true,,0,0,0,0,0,0,0
1549403480927,57244000,10.17.174.209 Network I/O,,,,,true,,0,0,0,0,0,0,0
1549403481942,59488000,10.17.174.209 Network I/O,,,,,true,,0,0,0,0,0,0,0
1549403482942,46064000,10.17.174.209 Network I/O,,,,,true,,0,0,0,0,0,0,0
1549403483954,78904000,10.17.174.209 Network I/O,,,,,true,,0,0,0,0,0,0,0
1549403484960,83052000,10.17.174.209 Network I/O,,,,,true,,0,0,0,0,0,0,0
1549403485961,52928000,10.17.174.209 Network I/O,,,,,true,,0,0,0,0,0,0,0
1549403486988,75108000,10.17.174.209 Network I/O,,,,,true,,0,0,0,0,0,0,0
1549403487989,117476000,10.17.174.209 Network I/O,,,,,true,,0,0,0,0,0,0,0
1549403488990,163108000,10.17.174.209 Network I/O,,,,,true,,0,0,0,0,0,0,0
1549403489993,102492000,10.17.174.209 Network I/O,,,,,true,,0,0,0,0,0,0,0
1549403490994,86760000,10.17.174.209 Network I/O,,,,,true,,0,0,0,0,0,0,0
1549403492006,120612000,10.17.174.209 Network I/O,,,,,true,,0,0,0,0,0,0,0
1549403493009,86676000,10.17.174.209 Network I/O,,,,,true,,0,0,0,0,0,0,0
1549403494021,72724000,10.17.174.209 Network I/O,,,,,true,,0,0,0,0,0,0,0
1549403495039,74240000,10.17.174.209 Network I/O,,,,,true,,0,0,0,0,0,0,0
1549403496054,93484000,10.17.174.209 Network I/O,,,,,true,,0,0,0,0,0,0,0
1549403497084,93596000,10.17.174.209 Network I/O,,,,,true,,0,0,0,0,0,0,0
1549403498085,67608000,10.17.174.209 Network I/O,,,,,true,,0,0,0,0,0,0,0
1549403499086,55436000,10.17.174.209 Network I/O,,,,,true,,0,0,0,0,0,0,0
1549403500086,93440000,10.17.174.209 Network I/O,,,,,true,,0,0,0,0,0,0,0
1549403501098,82196000,10.17.174.209 Network I/O,,,,,true,,0,0,0,0,0,0,0
1549403502114,72404000,10.17.174.209 Network I/O,,,,,true,,0,0,0,0,0,0,0
1549403503115,72488000,10.17.174.209 Network I/O,,,,,true,,0,0,0,0,0,0,0
1549403504115,72420000,10.17.174.209 Network I/O,,,,,true,,0,0,0,0,0,0,0
1549403505148,112976000,10.17.174.209 Network I/O,,,,,true,,0,0,0,0,0,0,0
1549403506162,50028000,10.17.174.209 Network I/O,,,,,true,,0,0,0,0,0,0,0
1549403507177,89360000,10.17.174.209 Network I/O,,,,,true,,0,0,0,0,0,0,0
1549403508181,91708000,10.17.174.209 Network I/O,,,,,true,,0,0,0,0,0,0,0
1549403509181,101248000,10.17.174.209 Network I/O,,,,,true,,0,0,0,0,0,0,0
1549403510197,67284000,10.17.174.209 Network I/O,,,,,true,,0,0,0,0,0,0,0
1549403511197,147220000,10.17.174.209 Network I/O,,,,,true,,0,0,0,0,0,0,0
1549403512212,80492000,10.17.174.209 Network I/O,,,,,true,,0,0,0,0,0,0,0
1549403513212,105592000,10.17.174.209 Network I/O,,,,,true,,0,0,0,0,0,0,0
1549403514226,47080000,10.17.174.209 Network I/O,,,,,true,,0,0,0,0,0,0,0
1549403515241,73452000,10.17.174.209 Network I/O,,,,,true,,0,0,0,0,0,0,0
1549403516241,84436000,10.17.174.209 Network I/O,,,,,true,,0,0,0,0,0,0,0
1549403517259,75364000,10.17.174.209 Network I/O,,,,,true,,0,0,0,0,0,0,0
1549403518259,119452000,10.17.174.209 Network I/O,,,,,true,,0,0,0,0,0,0,0
1549403519272,67768000,10.17.174.209 Network I/O,,,,,true,,0,0,0,0,0,0,0
1549403520273,106904000,10.17.174.209 Network I/O,,,,,true,,0,0,0,0,0,0,0
1549403521290,114928000,10.17.174.209 Network I/O,,,,,true,,0,0,0,0,0,0,0
1549403522303,79785000,10.17.174.209 Network I/O,,,,,true,,0,0,0,0,0,0,0
1549403523305,38747000,10.17.174.209 Network I/O,,,,,true,,0,0,0,0,0,0,0
1549403524344,155414000,10.17.174.209 Network I/O,,,,,true,,0,0,0,0,0,0,0
1549403525344,165710000,10.17.174.209 Network I/O,,,,,true,,0,0,0,0,0,0,0
1549403526345,128276000,10.17.174.209 Network I/O,,,,,true,,0,0,0,0,0,0,0
1549403527345,71524000,10.17.174.209 Network I/O,,,,,true,,0,0,0,0,0,0,0
1549403528348,105384000,10.17.174.209 Network I/O,,,,,true,,0,0,0,0,0,0,0
1549403529366,95336000,10.17.174.209 Network I/O,,,,,true,,0,0,0,0,0,0,0
1549403530367,25348000,10.17.174.209 Network I/O,,,,,true,,0,0,0,0,0,0,0
1549403531381,83200000,10.17.174.209 Network I/O,,,,,true,,0,0,0,0,0,0,0
1549403532385,85220000,10.17.174.209 Network I/O,,,,,true,,0,0,0,0,0,0,0
1549403533386,62564000,10.17.174.209 Network I/O,,,,,true,,0,0,0,0,0,0,0
1549403534395,73908000,10.17.174.209 Network I/O,,,,,true,,0,0,0,0,0,0,0
1549403535395,47168000,10.17.174.209 Network I/O,,,,,true,,0,0,0,0,0,0,0
1549403536410,46544000,10.17.174.209 Network I/O,,,,,true,,0,0,0,0,0,0,0
1549403537411,106664000,10.17.174.209 Network I/O,,,,,true,,0,0,0,0,0,0,0
1549403538415,64560000,10.17.174.209 Network I/O,,,,,true,,0,0,0,0,0,0,0
1549403539415,64792000,10.17.174.209 Network I/O,,,,,true,,0,0,0,0,0,0,0
1549403540430,56820000,10.17.174.209 Network I/O,,,,,true,,0,0,0,0,0,0,0
1549403541431,100060000,10.17.174.209 Network I/O,,,,,true,,0,0,0,0,0,0,0
1549403542449,90052000,10.17.174.209 Network I/O,,,,,true,,0,0,0,0,0,0,0
1549403543458,62340000,10.17.174.209 Network I/O,,,,,true,,0,0,0,0,0,0,0
1549403544498,81056000,10.17.174.209 Network I/O,,,,,true,,0,0,0,0,0,0,0
1549403545498,84020000,10.17.174.209 Network I/O,,,,,true,,0,0,0,0,0,0,0
1549403546499,75040000,10.17.174.209 Network I/O,,,,,true,,0,0,0,0,0,0,0
1549403547499,100272000,10.17.174.209 Network I/O,,,,,true,,0,0,0,0,0,0,0
1549403548499,138264000,10.17.174.209 Network I/O,,,,,true,,0,0,0,0,0,0,0
1549403549506,127932000,10.17.174.209 Network I/O,,,,,true,,0,0,0,0,0,0,0
1549403550522,101072000,10.17.174.209 Network I/O,,,,,true,,0,0,0,0,0,0,0
1549403551539,85180000,10.17.174.209 Network I/O,,,,,true,,0,0,0,0,0,0,0
1549403552553,64068000,10.17.174.209 Network I/O,,,,,true,,0,0,0,0,0,0,0
1549403553570,93280000,10.17.174.209 Network I/O,,,,,true,,0,0,0,0,0,0,0
1549403554570,84348000,10.17.174.209 Network I/O,,,,,true,,0,0,0,0,0,0,0
1549403555585,81120000,10.17.174.209 Network I/O,,,,,true,,0,0,0,0,0,0,0
1549403556585,71620000,10.17.174.209 Network I/O,,,,,true,,0,0,0,0,0,0,0
1549403557599,124700000,10.17.174.209 Network I/O,,,,,true,,0,0,0,0,0,0,0
1549403558615,85148000,10.17.174.209 Network I/O,,,,,true,,0,0,0,0,0,0,0
1549403559621,119912000,10.17.174.209 Network I/O,,,,,true,,0,0,0,0,0,0,0
1549403560656,79704000,10.17.174.209 Network I/O,,,,,true,,0,0,0,0,0,0,0
1549403561662,109268000,10.17.174.209 Network I/O,,,,,true,,0,0,0,0,0,0,0
1549403562696,56104000,10.17.174.209 Network I/O,,,,,true,,0,0,0,0,0,0,0
1549403563727,88380000,10.17.174.209 Network I/O,,,,,true,,0,0,0,0,0,0,0
1549403564727,55792000,10.17.174.209 Network I/O,,,,,true,,0,0,0,0,0,0,0
1549403565750,79100000,10.17.174.209 Network I/O,,,,,true,,0,0,0,0,0,0,0
1549403566759,92060000,10.17.174.209 Network I/O,,,,,true,,0,0,0,0,0,0,0
1549403567789,85480000,10.17.174.209 Network I/O,,,,,true,,0,0,0,0,0,0,0
1549403568817,115824000,10.17.174.209 Network I/O,,,,,true,,0,0,0,0,0,0,0
1549403569835,38264000,10.17.174.209 Network I/O,,,,,true,,0,0,0,0,0,0,0
1549403570852,118204000,10.17.174.209 Network I/O,,,,,true,,0,0,0,0,0,0,0
1549403571865,58524000,10.17.174.209 Network I/O,,,,,true,,0,0,0,0,0,0,0
1549403572865,68260000,10.17.174.209 Network I/O,,,,,true,,0,0,0,0,0,0,0
1549403573882,109594000,10.17.174.209 Network I/O,,,,,true,,0,0,0,0,0,0,0
1549403574883,91322000,10.17.174.209 Network I/O,,,,,true,,0,0,0,0,0,0,0
1549403575897,66892000,10.17.174.209 Network I/O,,,,,true,,0,0,0,0,0,0,0
1549403576912,67796000,10.17.174.209 Network I/O,,,,,true,,0,0,0,0,0,0,0
1549403577931,105024000,10.17.174.209 Network I/O,,,,,true,,0,0,0,0,0,0,0
1549403578931,96580000,10.17.174.209 Network I/O,,,,,true,,0,0,0,0,0,0,0
1549403579946,44552000,10.17.174.209 Network I/O,,,,,true,,0,0,0,0,0,0,0
1549403580946,94108000,10.17.174.209 Network I/O,,,,,true,,0,0,0,0,0,0,0
1549403581959,86772000,10.17.174.209 Network I/O,,,,,true,,0,0,0,0,0,0,0
1549403582975,48368000,10.17.174.209 Network I/O,,,,,true,,0,0,0,0,0,0,0
1549403583990,48584000,10.17.174.209 Network I/O,,,,,true,,0,0,0,0,0,0,0
1549403585009,64897000,10.17.174.209 Network I/O,,,,,true,,0,0,0,0,0,0,0
1549403586022,117223000,10.17.174.209 Network I/O,,,,,true,,0,0,0,0,0,0,0
1549403587039,94420000,10.17.174.209 Network I/O,,,,,true,,0,0,0,0,0,0,0
1549403588054,75952000,10.17.174.209 Network I/O,,,,,true,,0,0,0,0,0,0,0
1549403589070,74872000,10.17.174.209 Network I/O,,,,,true,,0,0,0,0,0,0,0
1549403590070,105724000,10.17.174.209 Network I/O,,,,,true,,0,0,0,0,0,0,0
1549403591084,105964000,10.17.174.209 Network I/O,,,,,true,,0,0,0,0,0,0,0
1549403592100,79612000,10.17.174.209 Network I/O,,,,,true,,0,0,0,0,0,0,0
1549403593101,88880000,10.17.174.209 Network I/O,,,,,true,,0,0,0,0,0,0,0
1549403594115,109588000,10.17.174.209 Network I/O,,,,,true,,0,0,0,0,0,0,0
1549403595115,85364000,10.17.174.209 Network I/O,,,,,true,,0,0,0,0,0,0,0
1549403596130,89808000,10.17.174.209 Network I/O,,,,,true,,0,0,0,0,0,0,0
1549403597131,112616000,10.17.174.209 Network I/O,,,,,true,,0,0,0,0,0,0,0
1549403598147,98296000,10.17.174.209 Network I/O,,,,,true,,0,0,0,0,0,0,0
1549403599177,92600000,10.17.174.209 Network I/O,,,,,true,,0,0,0,0,0,0,0
1549403600193,64536000,10.17.174.209 Network I/O,,,,,true,,0,0,0,0,0,0,0
1549403601196,87796000,10.17.174.209 Network I/O,,,,,true,,0,0,0,0,0,0,0
1549403602209,130484000,10.17.174.209 Network I/O,,,,,true,,0,0,0,0,0,0,0
1549403603225,105136000,10.17.174.209 Network I/O,,,,,true,,0,0,0,0,0,0,0
1549403604244,118868000,10.17.174.209 Network I/O,,,,,true,,0,0,0,0,0,0,0
1549403605256,97028000,10.17.174.209 Network I/O,,,,,true,,0,0,0,0,0,0,0
1549403606258,152164000,10.17.174.209 Network I/O,,,,,true,,0,0,0,0,0,0,0
1549403607273,124586000,10.17.174.209 Network I/O,,,,,true,,0,0,0,0,0,0,0
1549403608275,83802000,10.17.174.209 Network I/O,,,,,true,,0,0,0,0,0,0,0
1549403609276,112800000,10.17.174.209 Network I/O,,,,,true,,0,0,0,0,0,0,0
1549403610278,193412000,10.17.174.209 Network I/O,,,,,true,,0,0,0,0,0,0,0
1549403611309,135240000,10.17.174.209 Network I/O,,,,,true,,0,0,0,0,0,0,0
1549403612310,107276000,10.17.174.209 Network I/O,,,,,true,,0,0,0,0,0,0,0
1549403613326,80292000,10.17.174.209 Network I/O,,,,,true,,0,0,0,0,0,0,0
1549403614338,146356000,10.17.174.209 Network I/O,,,,,true,,0,0,0,0,0,0,0
1549403615354,129760000,10.17.174.209 Network I/O,,,,,true,,0,0,0,0,0,0,0
1549403616369,84440000,10.17.174.209 Network I/O,,,,,true,,0,0,0,0,0,0,0
1549403617370,135612000,10.17.174.209 Network I/O,,,,,true,,0,0,0,0,0,0,0
1549403618386,107280000,10.17.174.209 Network I/O,,,,,true,,0,0,0,0,0,0,0
1549403619405,96920000,10.17.174.209 Network I/O,,,,,true,,0,0,0,0,0,0,0
1549403620417,115340000,10.17.174.209 Network I/O,,,,,true,,0,0,0,0,0,0,0
1549403621439,158556000,10.17.174.209 Network I/O,,,,,true,,0,0,0,0,0,0,0
1549403622439,96172000,10.17.174.209 Network I/O,,,,,true,,0,0,0,0,0,0,0
1549403623439,97220000,10.17.174.209 Network I/O,,,,,true,,0,0,0,0,0,0,0
1549403624453,85312000,10.17.174.209 Network I/O,,,,,true,,0,0,0,0,0,0,0
1549403625453,150476000,10.17.174.209 Network I/O,,,,,true,,0,0,0,0,0,0,0
1549403626453,81700000,10.17.174.209 Network I/O,,,,,true,,0,0,0,0,0,0,0
1549403627467,101296000,10.17.174.209 Network I/O,,,,,true,,0,0,0,0,0,0,0
1549403628498,102444000,10.17.174.209 Network I/O,,,,,true,,0,0,0,0,0,0,0
1549403629530,137300000,10.17.174.209 Network I/O,,,,,true,,0,0,0,0,0,0,0
1549403630531,90600000,10.17.174.209 Network I/O,,,,,true,,0,0,0,0,0,0,0
1549403631544,96628000,10.17.174.209 Network I/O,,,,,true,,0,0,0,0,0,0,0
1549403632547,91740000,10.17.174.209 Network I/O,,,,,true,,0,0,0,0,0,0,0
1549403633583,98232000,10.17.174.209 Network I/O,,,,,true,,0,0,0,0,0,0,0
1549403634591,109428000,10.17.174.209 Network I/O,,,,,true,,0,0,0,0,0,0,0
1549403635639,72452000,10.17.174.209 Network I/O,,,,,true,,0,0,0,0,0,0,0
1549403636642,87832000,10.17.174.209 Network I/O,,,,,true,,0,0,0,0,0,0,0
1549403637643,77784000,10.17.174.209 Network I/O,,,,,true,,0,0,0,0,0,0,0
1549403638656,114936000,10.17.174.209 Network I/O,,,,,true,,0,0,0,0,0,0,0
1549403639657,99064000,10.17.174.209 Network I/O,,,,,true,,0,0,0,0,0,0,0
1549403640675,75224000,10.17.174.209 Network I/O,,,,,true,,0,0,0,0,0,0,0
1549403641688,49756000,10.17.174.209 Network I/O,,,,,true,,0,0,0,0,0,0,0
1549403642703,110248000,10.17.174.209 Network I/O,,,,,true,,0,0,0,0,0,0,0
1549403643722,57576000,10.17.174.209 Network I/O,,,,,true,,0,0,0,0,0,0,0
1549403644722,67788000,10.17.174.209 Network I/O,,,,,true,,0,0,0,0,0,0,0
1549403645736,69200000,10.17.174.209 Network I/O,,,,,true,,0,0,0,0,0,0,0
1549403646751,159788000,10.17.174.209 Network I/O,,,,,true,,0,0,0,0,0,0,0
1549403647772,131980000,10.17.174.209 Network I/O,,,,,true,,0,0,0,0,0,0,0
1549403648797,110944000,10.17.174.209 Network I/O,,,,,true,,0,0,0,0,0,0,0
1549403649798,87684000,10.17.174.209 Network I/O,,,,,true,,0,0,0,0,0,0,0
1549403650814,70092000,10.17.174.209 Network I/O,,,,,true,,0,0,0,0,0,0,0
1549403651830,116564000,10.17.174.209 Network I/O,,,,,true,,0,0,0,0,0,0,0
1549403652844,48268000,10.17.174.209 Network I/O,,,,,true,,0,0,0,0,0,0,0
1549403653848,103904000,10.17.174.209 Network I/O,,,,,true,,0,0,0,0,0,0,0
1549403654863,77288000,10.17.174.209 Network I/O,,,,,true,,0,0,0,0,0,0,0
1549403655877,127964000,10.17.174.209 Network I/O,,,,,true,,0,0,0,0,0,0,0
1549403656877,112628000,10.17.174.209 Network I/O,,,,,true,,0,0,0,0,0,0,0
1549403657894,76428000,10.17.174.209 Network I/O,,,,,true,,0,0,0,0,0,0,0
1549403658895,56304000,10.17.174.209 Network I/O,,,,,true,,0,0,0,0,0,0,0
1549403659895,106724000,10.17.174.209 Network I/O,,,,,true,,0,0,0,0,0,0,0
1549403660911,78064000,10.17.174.209 Network I/O,,,,,true,,0,0,0,0,0,0,0
1549403661927,165584000,10.17.174.209 Network I/O,,,,,true,,0,0,0,0,0,0,0
1549403662959,66548000,10.17.174.209 Network I/O,,,,,true,,0,0,0,0,0,0,0
1549403663959,94976000,10.17.174.209 Network I/O,,,,,true,,0,0,0,0,0,0,0
1549403664960,76164000,10.17.174.209 Network I/O,,,,,true,,0,0,0,0,0,0,0
1549403665974,111288000,10.17.174.209 Network I/O,,,,,true,,0,0,0,0,0,0,0
1549403666993,106308000,10.17.174.209 Network I/O,,,,,true,,0,0,0,0,0,0,0
1549403668005,86260000,10.17.174.209 Network I/O,,,,,true,,0,0,0,0,0,0,0
1549403669021,171452000,10.17.174.209 Network I/O,,,,,true,,0,0,0,0,0,0,0
1549403670038,156544000,10.17.174.209 Network I/O,,,,,true,,0,0,0,0,0,0,0
1549403671050,115712000,10.17.174.209 Network I/O,,,,,true,,0,0,0,0,0,0,0
1549403672067,97752000,10.17.174.209 Network I/O,,,,,true,,0,0,0,0,0,0,0
1549403673089,84532000,10.17.174.209 Network I/O,,,,,true,,0,0,0,0,0,0,0
1549403674098,116476000,10.17.174.209 Network I/O,,,,,true,,0,0,0,0,0,0,0
1549403675100,70000000,10.17.174.209 Network I/O,,,,,true,,0,0,0,0,0,0,0
1549403676116,52184000,10.17.174.209 Network I/O,,,,,true,,0,0,0,0,0,0,0
1549403677132,103644000,10.17.174.209 Network I/O,,,,,true,,0,0,0,0,0,0,0
1549403678144,119184000,10.17.174.209 Network I/O,,,,,true,,0,0,0,0,0,0,0
1549403679145,107988000,10.17.174.209 Network I/O,,,,,true,,0,0,0,0,0,0,0
1549403680161,120156000,10.17.174.209 Network I/O,,,,,true,,0,0,0,0,0,0,0
1549403681161,64056000,10.17.174.209 Network I/O,,,,,true,,0,0,0,0,0,0,0
1549403682161,89068000,10.17.174.209 Network I/O,,,,,true,,0,0,0,0,0,0,0
1549403683164,95868000,10.17.174.209 Network I/O,,,,,true,,0,0,0,0,0,0,0
1549403684177,105616000,10.17.174.209 Network I/O,,,,,true,,0,0,0,0,0,0,0
1549403685196,63552000,10.17.174.209 Network I/O,,,,,true,,0,0,0,0,0,0,0
1549403686209,69400000,10.17.174.209 Network I/O,,,,,true,,0,0,0,0,0,0,0
1549403687231,94129000,10.17.174.209 Network I/O,,,,,true,,0,0,0,0,0,0,0
1549403688239,138795000,10.17.174.209 Network I/O,,,,,true,,0,0,0,0,0,0,0
1549403689257,75476000,10.17.174.209 Network I/O,,,,,true,,0,0,0,0,0,0,0
1549403690259,80300000,10.17.174.209 Network I/O,,,,,true,,0,0,0,0,0,0,0
1549403691274,112624000,10.17.174.209 Network I/O,,,,,true,,0,0,0,0,0,0,0
1549403692287,102932000,10.17.174.209 Network I/O,,,,,true,,0,0,0,0,0,0,0
1549403693290,82452000,10.17.174.209 Network I/O,,,,,true,,0,0,0,0,0,0,0
1549403694303,68224000,10.17.174.209 Network I/O,,,,,true,,0,0,0,0,0,0,0
1549403695318,104408000,10.17.174.209 Network I/O,,,,,true,,0,0,0,0,0,0,0
1549403696318,122784000,10.17.174.209 Network I/O,,,,,true,,0,0,0,0,0,0,0
1549403697319,73284000,10.17.174.209 Network I/O,,,,,true,,0,0,0,0,0,0,0
1549403698334,90040000,10.17.174.209 Network I/O,,,,,true,,0,0,0,0,0,0,0
1549403699349,67444000,10.17.174.209 Network I/O,,,,,true,,0,0,0,0,0,0,0
1549403700351,89728000,10.17.174.209 Network I/O,,,,,true,,0,0,0,0,0,0,0
1549403701383,73284000,10.17.174.209 Network I/O,,,,,true,,0,0,0,0,0,0,0
1549403702384,48482000,10.17.174.209 Network I/O,,,,,true,,0,0,0,0,0,0,0
1549403703409,85262000,10.17.174.209 Network I/O,,,,,true,,0,0,0,0,0,0,0
1549403704413,71732000,10.17.174.209 Network I/O,,,,,true,,0,0,0,0,0,0,0
1549403705431,71376000,10.17.174.209 Network I/O,,,,,true,,0,0,0,0,0,0,0
1549403706465,93204000,10.17.174.209 Network I/O,,,,,true,,0,0,0,0,0,0,0
1549403707466,81412000,10.17.174.209 Network I/O,,,,,true,,0,0,0,0,0,0,0
1549403708466,80152000,10.17.174.209 Network I/O,,,,,true,,0,0,0,0,0,0,0
1549403709467,95928000,10.17.174.209 Network I/O,,,,,true,,0,0,0,0,0,0,0
1549403710467,82908000,10.17.174.209 Network I/O,,,,,true,,0,0,0,0,0,0,0
1549403711479,93876000,10.17.174.209 Network I/O,,,,,true,,0,0,0,0,0,0,0
1549403712479,72640000,10.17.174.209 Network I/O,,,,,true,,0,0,0,0,0,0,0
1549403713497,121844000,10.17.174.209 Network I/O,,,,,true,,0,0,0,0,0,0,0
1549403714509,59232000,10.17.174.209 Network I/O,,,,,true,,0,0,0,0,0,0,0
1549403715528,84916000,10.17.174.209 Network I/O,,,,,true,,0,0,0,0,0,0,0
1549403716541,76092000,10.17.174.209 Network I/O,,,,,true,,0,0,0,0,0,0,0
1549403717544,90148000,10.17.174.209 Network I/O,,,,,true,,0,0,0,0,0,0,0
1549403718544,89188000,10.17.174.209 Network I/O,,,,,true,,0,0,0,0,0,0,0
1549403719575,58144000,10.17.174.209 Network I/O,,,,,true,,0,0,0,0,0,0,0
1549403720592,79608000,10.17.174.209 Network I/O,,,,,true,,0,0,0,0,0,0,0
1549403721593,111876000,10.17.174.209 Network I/O,,,,,true,,0,0,0,0,0,0,0
1549403722619,86752000,10.17.174.209 Network I/O,,,,,true,,0,0,0,0,0,0,0
1549403723622,83744000,10.17.174.209 Network I/O,,,,,true,,0,0,0,0,0,0,0
1549403724659,79160000,10.17.174.209 Network I/O,,,,,true,,0,0,0,0,0,0,0
1549403725659,124860000,10.17.174.209 Network I/O,,,,,true,,0,0,0,0,0,0,0
1549403726671,101088000,10.17.174.209 Network I/O,,,,,true,,0,0,0,0,0,0,0
1549403727683,77568000,10.17.174.209 Network I/O,,,,,true,,0,0,0,0,0,0,0
1549403728699,163672000,10.17.174.209 Network I/O,,,,,true,,0,0,0,0,0,0,0
1549403729700,130284000,10.17.174.209 Network I/O,,,,,true,,0,0,0,0,0,0,0
1549403730732,170693000,10.17.174.209 Network I/O,,,,,true,,0,0,0,0,0,0,0
1549403731732,76831000,10.17.174.209 Network I/O,,,,,true,,0,0,0,0,0,0,0
1549403732759,92640000,10.17.174.209 Network I/O,,,,,true,,0,0,0,0,0,0,0
1549403733760,114148000,10.17.174.209 Network I/O,,,,,true,,0,0,0,0,0,0,0
1549403734760,58336000,10.17.174.209 Network I/O,,,,,true,,0,0,0,0,0,0,0
1549403735761,111392000,10.17.174.209 Network I/O,,,,,true,,0,0,0,0,0,0,0
1549403736761,75276000,10.17.174.209 Network I/O,,,,,true,,0,0,0,0,0,0,0
1549403737779,106484000,10.17.174.209 Network I/O,,,,,true,,0,0,0,0,0,0,0
1549403738792,85364000,10.17.174.209 Network I/O,,,,,true,,0,0,0,0,0,0,0
1549403739809,107460000,10.17.174.209 Network I/O,,,,,true,,0,0,0,0,0,0,0
1549403740809,73916000,10.17.174.209 Network I/O,,,,,true,,0,0,0,0,0,0,0
1549403741826,90316000,10.17.174.209 Network I/O,,,,,true,,0,0,0,0,0,0,0
1549403742826,89864000,10.17.174.209 Network I/O,,,,,true,,0,0,0,0,0,0,0
1549403743856,83464000,10.17.174.209 Network I/O,,,,,true,,0,0,0,0,0,0,0
1549403744857,77808000,10.17.174.209 Network I/O,,,,,true,,0,0,0,0,0,0,0
1549403745857,70384000,10.17.174.209 Network I/O,,,,,true,,0,0,0,0,0,0,0
1549403746873,62576000,10.17.174.209 Network I/O,,,,,true,,0,0,0,0,0,0,0
1549403747873,106476000,10.17.174.209 Network I/O,,,,,true,,0,0,0,0,0,0,0
1549403748886,79016000,10.17.174.209 Network I/O,,,,,true,,0,0,0,0,0,0,0
1549403749905,69324000,10.17.174.209 Network I/O,,,,,true,,0,0,0,0,0,0,0
1549403750920,44352000,10.17.174.209 Network I/O,,,,,true,,0,0,0,0,0,0,0
1549403751920,146132000,10.17.174.209 Network I/O,,,,,true,,0,0,0,0,0,0,0
1549403752920,111920000,10.17.174.209 Network I/O,,,,,true,,0,0,0,0,0,0,0
1549403753936,84996000,10.17.174.209 Network I/O,,,,,true,,0,0,0,0,0,0,0
1549403754948,96860000,10.17.174.209 Network I/O,,,,,true,,0,0,0,0,0,0,0
1549403755950,120008000,10.17.174.209 Network I/O,,,,,true,,0,0,0,0,0,0,0
1549403756978,128032000,10.17.174.209 Network I/O,,,,,true,,0,0,0,0,0,0,0
1549403757990,62052000,10.17.174.209 Network I/O,,,,,true,,0,0,0,0,0,0,0
1549403758998,77500000,10.17.174.209 Network I/O,,,,,true,,0,0,0,0,0,0,0
1549403759999,121500000,10.17.174.209 Network I/O,,,,,true,,0,0,0,0,0,0,0
1549403761002,115168000,10.17.174.209 Network I/O,,,,,true,,0,0,0,0,0,0,0
1549403762029,78652000,10.17.174.209 Network I/O,,,,,true,,0,0,0,0,0,0,0
1549403763043,57696000,10.17.174.209 Network I/O,,,,,true,,0,0,0,0,0,0,0
1549403764061,81724000,10.17.174.209 Network I/O,,,,,true,,0,0,0,0,0,0,0
1549403765092,76456000,10.17.174.209 Network I/O,,,,,true,,0,0,0,0,0,0,0
1549403766093,61964000,10.17.174.209 Network I/O,,,,,true,,0,0,0,0,0,0,0
1549403767093,92860000,10.17.174.209 Network I/O,,,,,true,,0,0,0,0,0,0,0
1549403768119,79756000,10.17.174.209 Network I/O,,,,,true,,0,0,0,0,0,0,0
1549403769125,80328000,10.17.174.209 Network I/O,,,,,true,,0,0,0,0,0,0,0
1549403770168,107588000,10.17.174.209 Network I/O,,,,,true,,0,0,0,0,0,0,0
1549403771171,62224000,10.17.174.209 Network I/O,,,,,true,,0,0,0,0,0,0,0
1549403772184,96840000,10.17.174.209 Network I/O,,,,,true,,0,0,0,0,0,0,0
1549403773187,85988000,10.17.174.209 Network I/O,,,,,true,,0,0,0,0,0,0,0
1549403774202,103632000,10.17.174.209 Network I/O,,,,,true,,0,0,0,0,0,0,0
1549403775202,57152000,10.17.174.209 Network I/O,,,,,true,,0,0,0,0,0,0,0
1549403776216,66876000,10.17.174.209 Network I/O,,,,,true,,0,0,0,0,0,0,0
1549403777217,55484000,10.17.174.209 Network I/O,,,,,true,,0,0,0,0,0,0,0
1549403778217,111428000,10.17.174.209 Network I/O,,,,,true,,0,0,0,0,0,0,0
1549403779217,102576000,10.17.174.209 Network I/O,,,,,true,,0,0,0,0,0,0,0
1549403780220,89604000,10.17.174.209 Network I/O,,,,,true,,0,0,0,0,0,0,0
1549403781222,68436000,10.17.174.209 Network I/O,,,,,true,,0,0,0,0,0,0,0
1549403782236,98924000,10.17.174.209 Network I/O,,,,,true,,0,0,0,0,0,0,0
1549403783255,113676000,10.17.174.209 Network I/O,,,,,true,,0,0,0,0,0,0,0
1549403784267,93936000,10.17.174.209 Network I/O,,,,,true,,0,0,0,0,0,0,0
1549403785282,53327000,10.17.174.209 Network I/O,,,,,true,,0,0,0,0,0,0,0
1549403786285,123285000,10.17.174.209 Network I/O,,,,,true,,0,0,0,0,0,0,0
1549403787299,106424000,10.17.174.209 Network I/O,,,,,true,,0,0,0,0,0,0,0
1549403788324,93956000,10.17.174.209 Network I/O,,,,,true,,0,0,0,0,0,0,0
1549403789333,151860000,10.17.174.209 Network I/O,,,,,true,,0,0,0,0,0,0,0
1549403790357,110396000,10.17.174.209 Network I/O,,,,,true,,0,0,0,0,0,0,0
1549403791365,322852000,10.17.174.209 Network I/O,,,,,true,,0,0,0,0,0,0,0
