timeStamp,elapsed,label,responseCode,responseMessage,threadName,dataType,success,failureMessage,bytes,sentBytes,grpThreads,allThreads,Latency,IdleTime,Connect
1541708880380,8,Go to log in page,200,OK,Editor script 1-1,text,true,,4467,169,2,2,8,0,2
1541708880378,8,Go to log in page transaction,200,"Number of samples in transaction : 1, number of failing samples : 0",Editor script 1-1,,true,,4467,169,2,2,8,76,2
1541708880364,49,Go to log in page,200,OK,Editor script 1-2,text,true,,4467,169,2,2,49,0,2
1541708880362,49,Go to log in page transaction,200,"Number of samples in transaction : 1, number of failing samples : 0",Editor script 1-2,,true,,4467,169,2,2,49,87,2
1541708880500,48,Go To Main Blog page,200,OK,Editor script 1-2,text,true,,31501,118,2,2,48,0,0
1541708880500,48,Go To Main Blog page transaction,200,"Number of samples in transaction : 1, number of failing samples : 0",Editor script 1-2,,true,,31501,118,2,2,48,28,0
1541708880463,73,Go To Main Blog page,200,OK,Editor script 1-1,text,true,,31501,118,2,2,73,0,0
1541708880463,73,Go To Main Blog page transaction,200,"Number of samples in transaction : 1, number of failing samples : 0",Editor script 1-1,,true,,31501,118,2,2,73,59,0
1541708880577,71,Log in transaction,200,"Number of samples in transaction : 1, number of failing samples : 0",Editor script 1-2,,true,,32665,1110,2,2,0,24,0
1541708880596,51,Log in transaction,200,"Number of samples in transaction : 1, number of failing samples : 0",Editor script 1-1,,true,,32665,1112,2,2,0,37,0
1541708880596,33,Open Predefined Date,200,OK,Editor script 1-2,text,true,,33048,910,2,2,32,0,0
1541708880677,20,Open Random Post,200,"Number of samples in transaction : 1, number of failing samples : 0",Editor script 1-2,,true,,25786,907,2,2,0,126,0
1541708880823,51,Change Post,200,"Number of samples in transaction : 2, number of failing samples : 0",Editor script 1-2,,true,,1643,3489,2,2,0,101,0
1541708880978,33,Open Predefined Date,200,OK,Editor script 1-1,text,true,,33831,910,2,2,33,0,0
1541708881035,43,Open Random Post,200,"Number of samples in transaction : 1, number of failing samples : 0",Editor script 1-1,,true,,25984,907,2,2,0,23,0
1541708881104,53,Change Post,200,"Number of samples in transaction : 2, number of failing samples : 0",Editor script 1-1,,true,,1897,3516,2,2,0,8,0
1541708881170,46,Open Predefined Date,200,OK,Editor script 1-2,text,true,,33211,910,2,2,33,0,0
1541708881239,17,Open Random Post,200,"Number of samples in transaction : 1, number of failing samples : 0",Editor script 1-2,,true,,25489,907,2,2,0,21,0
1541708881277,47,Change Post,200,"Number of samples in transaction : 2, number of failing samples : 0",Editor script 1-2,,true,,1349,3442,2,2,0,6,0
1541708881333,31,Open Predefined Date,200,OK,Editor script 1-1,text,true,,34240,910,2,2,30,0,0
1541708881386,18,Open Random Post,200,"Number of samples in transaction : 1, number of failing samples : 0",Editor script 1-1,,true,,25970,907,2,2,0,18,0
1541708881422,192,Change Post,200,"Number of samples in transaction : 2, number of failing samples : 0",Editor script 1-1,,true,,1829,3264,2,2,0,7,0
1541708881623,125,Open Predefined Date,200,OK,Editor script 1-2,text,true,,33438,910,2,2,125,0,0
1541708881785,18,Open Random Post,200,"Number of samples in transaction : 1, number of failing samples : 0",Editor script 1-2,,true,,25336,907,2,2,0,18,0
1541708881837,260,Change Post,200,"Number of samples in transaction : 2, number of failing samples : 0",Editor script 1-2,,true,,1192,3150,2,2,0,9,0
1541708882110,845,Open Predefined Date,200,OK,Editor script 1-2,text,true,,33745,910,2,2,844,0,0
1541708882976,19,Open Random Post,200,"Number of samples in transaction : 1, number of failing samples : 0",Editor script 1-2,,true,,25942,907,2,2,0,19,0
1541708883014,45,Change Post,200,"Number of samples in transaction : 2, number of failing samples : 0",Editor script 1-2,,true,,1801,2604,2,2,0,6,0
1541708883067,901,Open Predefined Date,200,OK,Editor script 1-1,text,true,,33490,910,2,2,901,0,2
1541708883990,19,Open Random Post,200,"Number of samples in transaction : 1, number of failing samples : 0",Editor script 1-1,,true,,25677,907,2,2,0,19,0
1541708884028,45,Change Post,200,"Number of samples in transaction : 2, number of failing samples : 0",Editor script 1-1,,true,,1536,2741,2,2,0,6,0
1541708884085,880,Open Predefined Date,200,OK,Editor script 1-2,text,true,,32457,910,2,2,880,0,0
1541708884997,18,Open Random Post,200,"Number of samples in transaction : 1, number of failing samples : 0",Editor script 1-2,,true,,25929,907,2,2,0,18,0
1541708885035,42,Change Post,200,"Number of samples in transaction : 2, number of failing samples : 0",Editor script 1-2,,true,,1792,2615,2,2,0,6,0
1541708885085,107,Open Predefined Date,200,OK,Editor script 1-1,text,true,,32222,910,2,2,107,0,0
1541708885215,19,Open Random Post,200,"Number of samples in transaction : 1, number of failing samples : 0",Editor script 1-1,,true,,25470,907,2,2,0,19,0
1541708885253,46,Change Post,200,"Number of samples in transaction : 2, number of failing samples : 0",Editor script 1-1,,true,,1376,3057,2,2,0,6,0
1541708885308,35,Open Predefined Date,200,OK,Editor script 1-1,text,true,,32252,910,2,2,35,0,0
1541708885364,18,Open Random Post,200,"Number of samples in transaction : 1, number of failing samples : 0",Editor script 1-1,,true,,25233,907,2,2,0,18,0
1541708885401,41,Change Post,200,"Number of samples in transaction : 2, number of failing samples : 0",Editor script 1-1,,true,,1091,3517,2,2,0,5,0
1541708885315,43,Open Predefined Date,200,OK,Editor script 1-2,text,true,,32436,910,2,2,43,0,2
1541708885378,18,Open Random Post,200,"Number of samples in transaction : 1, number of failing samples : 0",Editor script 1-2,,true,,25980,907,2,2,0,25,0
1541708885421,41,Change Post,200,"Number of samples in transaction : 2, number of failing samples : 0",Editor script 1-2,,true,,1839,2914,2,2,0,5,0
1541708885469,31,Open Predefined Date,200,OK,Editor script 1-1,text,true,,32453,910,2,2,31,0,0
1541708885520,45,Open Random Post,200,"Number of samples in transaction : 1, number of failing samples : 0",Editor script 1-1,,true,,25955,907,2,2,0,19,0
1541708885585,41,Change Post,200,"Number of samples in transaction : 2, number of failing samples : 0",Editor script 1-1,,true,,1866,3102,2,2,0,5,0
1541708885633,32,Open Predefined Date,200,OK,Editor script 1-2,text,true,,31452,910,2,2,32,0,0
1541708885685,18,Open Random Post,200,"Number of samples in transaction : 1, number of failing samples : 0",Editor script 1-2,,true,,25098,907,2,2,0,19,0
1541708885723,40,Change Post,200,"Number of samples in transaction : 2, number of failing samples : 0",Editor script 1-2,,true,,954,3298,2,2,0,6,0
1541708885771,31,Open Predefined Date,200,OK,Editor script 1-1,text,true,,32734,910,2,2,31,0,0
1541708885823,18,Open Random Post,200,"Number of samples in transaction : 1, number of failing samples : 0",Editor script 1-1,,true,,25949,906,2,2,0,24,0
1541708885865,45,Change Post,200,"Number of samples in transaction : 2, number of failing samples : 0",Editor script 1-1,,true,,1818,3057,2,2,0,6,0
1541708885919,31,Open Predefined Date,200,OK,Editor script 1-1,text,true,,32325,910,2,2,31,0,0
1541708885971,18,Open Random Post,200,"Number of samples in transaction : 1, number of failing samples : 0",Editor script 1-1,,true,,25539,907,2,2,0,17,0
1541708886006,66,Change Post,200,"Number of samples in transaction : 2, number of failing samples : 0",Editor script 1-1,,true,,1452,3425,2,2,0,5,0
1541708886080,60,Open Predefined Date,200,OK,Editor script 1-2,text,true,,32057,910,2,2,60,0,0
1541708886160,18,Open Random Post,200,"Number of samples in transaction : 1, number of failing samples : 0",Editor script 1-2,,true,,25789,907,2,2,0,17,0
1541708886196,41,Change Post,200,"Number of samples in transaction : 2, number of failing samples : 0",Editor script 1-2,,true,,1648,3366,2,2,0,7,0
1541708886246,32,Open Predefined Date,200,OK,Editor script 1-1,text,true,,32712,910,2,2,32,0,0
1541708886299,18,Open Random Post,200,"Number of samples in transaction : 1, number of failing samples : 0",Editor script 1-1,,true,,25864,907,2,2,0,24,0
1541708886342,40,Change Post,200,"Number of samples in transaction : 2, number of failing samples : 0",Editor script 1-1,,true,,1775,2706,2,2,0,6,0
1541708886390,254,Open Predefined Date,200,OK,Editor script 1-2,text,true,,31407,910,2,2,254,0,0
1541708886664,20,Open Random Post,200,"Number of samples in transaction : 1, number of failing samples : 0",Editor script 1-2,,true,,25643,907,2,2,0,18,0
1541708886702,41,Change Post,200,"Number of samples in transaction : 2, number of failing samples : 0",Editor script 1-2,,true,,1500,3493,2,2,0,10,0
1541708886754,561,Open Predefined Date,200,OK,Editor script 1-1,text,true,,32337,910,2,2,561,0,0
1541708887334,20,Open Random Post,200,"Number of samples in transaction : 1, number of failing samples : 0",Editor script 1-1,,true,,25797,907,2,2,0,17,0
1541708887372,42,Change Post,200,"Number of samples in transaction : 2, number of failing samples : 0",Editor script 1-1,,true,,1656,2665,2,2,0,4,0
1541708887420,919,Open Predefined Date,200,OK,Editor script 1-1,text,true,,31699,910,2,2,919,0,0
1541708888367,18,Open Random Post,200,"Number of samples in transaction : 1, number of failing samples : 0",Editor script 1-1,,true,,25146,907,2,2,0,17,0
1541708888403,42,Change Post,200,"Number of samples in transaction : 2, number of failing samples : 0",Editor script 1-1,,true,,1056,3273,2,2,0,4,0
1541708888457,619,Open Predefined Date,200,OK,Editor script 1-2,text,true,,31676,910,2,2,619,0,1
1541708889096,19,Open Random Post,200,"Number of samples in transaction : 1, number of failing samples : 0",Editor script 1-2,,true,,25984,907,2,2,0,16,0
1541708889132,42,Change Post,200,"Number of samples in transaction : 2, number of failing samples : 0",Editor script 1-2,,true,,1843,2831,2,2,0,7,0
1541708889184,32,Open Predefined Date,200,OK,Editor script 1-2,text,true,,31017,910,2,2,32,0,0
1541708889235,18,Open Random Post,200,"Number of samples in transaction : 1, number of failing samples : 0",Editor script 1-2,,true,,25855,907,2,2,0,16,0
1541708889270,41,Change Post,200,"Number of samples in transaction : 2, number of failing samples : 0",Editor script 1-2,,true,,1716,3477,2,2,0,4,0
1541708889318,41,Open Predefined Date,200,OK,Editor script 1-1,text,true,,31717,910,2,2,41,0,0
1541708889378,19,Open Random Post,200,"Number of samples in transaction : 1, number of failing samples : 0",Editor script 1-1,,true,,25157,907,2,2,0,16,0
1541708889414,43,Change Post,200,"Number of samples in transaction : 2, number of failing samples : 0",Editor script 1-1,,true,,1015,3229,2,2,0,5,0
1541708889464,33,Open Predefined Date,200,OK,Editor script 1-2,text,true,,31691,910,2,2,32,0,0
1541708889522,17,Open Random Post,200,"Number of samples in transaction : 1, number of failing samples : 0",Editor script 1-2,,true,,25325,907,2,2,0,16,0
1541708889556,80,Change Post,200,"Number of samples in transaction : 2, number of failing samples : 0",Editor script 1-2,,true,,1181,2731,2,2,0,4,0
1541708889641,33,Open Predefined Date,200,OK,Editor script 1-1,text,true,,32180,910,2,2,33,0,0
1541708889694,28,Open Random Post,200,"Number of samples in transaction : 1, number of failing samples : 0",Editor script 1-1,,true,,25538,906,2,2,0,19,0
1541708889741,41,Change Post,200,"Number of samples in transaction : 2, number of failing samples : 0",Editor script 1-1,,true,,1406,3232,2,2,0,5,0
1541708889789,31,Open Predefined Date,200,OK,Editor script 1-2,text,true,,31766,910,2,2,31,0,0
1541708889839,19,Open Random Post,200,"Number of samples in transaction : 1, number of failing samples : 0",Editor script 1-2,,true,,25408,907,2,2,0,17,0
1541708889875,40,Change Post,200,"Number of samples in transaction : 2, number of failing samples : 0",Editor script 1-2,,true,,1264,2987,2,2,0,5,0
1541708889922,32,Open Predefined Date,200,OK,Editor script 1-1,text,true,,32427,910,2,2,32,0,0
1541708889980,18,Open Random Post,200,"Number of samples in transaction : 1, number of failing samples : 0",Editor script 1-1,,true,,25712,907,2,2,0,16,0
1541708890014,39,Change Post,200,"Number of samples in transaction : 2, number of failing samples : 0",Editor script 1-1,,true,,1623,3151,2,2,0,5,0
1541708890060,30,Open Predefined Date,200,OK,Editor script 1-2,text,true,,31716,910,2,2,30,0,0
1541708890134,22,Open Random Post,200,"Number of samples in transaction : 1, number of failing samples : 0",Editor script 1-2,,true,,25966,907,2,2,0,17,0
1541708890174,41,Change Post,200,"Number of samples in transaction : 2, number of failing samples : 0",Editor script 1-2,,true,,1827,2730,2,2,0,3,0
1541708890220,34,Open Predefined Date,200,OK,Editor script 1-1,text,true,,31561,910,2,2,34,0,0
1541708890276,17,Open Random Post,200,"Number of samples in transaction : 1, number of failing samples : 0",Editor script 1-1,,true,,25715,906,2,2,0,17,0
1541708890310,39,Change Post,200,"Number of samples in transaction : 2, number of failing samples : 0",Editor script 1-1,,true,,1582,3435,2,2,0,5,0
1541708890111,31,Open Predefined Date,200,OK,Editor script 1-2,text,true,,31173,910,2,2,30,0,0
1541708890160,23,Open Random Post,200,"Number of samples in transaction : 1, number of failing samples : 0",Editor script 1-2,,true,,25105,907,2,2,0,16,0
1541708890200,1385,Change Post,200,"Number of samples in transaction : 2, number of failing samples : 0",Editor script 1-2,,true,,965,2754,2,2,0,5,0
1541708891592,36,Open Predefined Date,200,OK,Editor script 1-2,text,true,,31312,910,2,2,36,0,1
1541708891648,18,Open Random Post,200,"Number of samples in transaction : 1, number of failing samples : 0",Editor script 1-2,,true,,25225,907,2,2,0,16,0
1541708891682,40,Change Post,200,"Number of samples in transaction : 2, number of failing samples : 0",Editor script 1-2,,true,,1081,3353,2,2,0,5,0
1541708891729,231,Open Predefined Date,200,OK,Editor script 1-1,text,true,,32520,910,2,2,231,0,2
1541708891980,20,Open Random Post,200,"Number of samples in transaction : 1, number of failing samples : 0",Editor script 1-1,,true,,25590,907,2,2,0,18,0
1541708892018,42,Change Post,200,"Number of samples in transaction : 2, number of failing samples : 0",Editor script 1-1,,true,,1501,3085,2,2,0,4,0
1541708892066,593,Open Predefined Date,200,OK,Editor script 1-2,text,true,,31865,910,2,2,593,0,0
1541708892681,18,Open Random Post,200,"Number of samples in transaction : 1, number of failing samples : 0",Editor script 1-2,,true,,25222,907,2,2,0,22,0
1541708892721,44,Change Post,200,"Number of samples in transaction : 2, number of failing samples : 0",Editor script 1-2,,true,,1080,3055,2,2,0,4,0
1541708892771,32,Open Predefined Date,200,OK,Editor script 1-1,text,true,,32778,910,2,2,32,0,0
1541708892823,18,Open Random Post,200,"Number of samples in transaction : 1, number of failing samples : 0",Editor script 1-1,,true,,25916,906,2,2,0,15,0
1541708892856,42,Change Post,200,"Number of samples in transaction : 2, number of failing samples : 0",Editor script 1-1,,true,,1785,3450,2,2,0,4,0
1541708892904,30,Open Predefined Date,200,OK,Editor script 1-2,text,true,,32204,910,2,2,30,0,0
1541708892957,48,Open Random Post,200,"Number of samples in transaction : 1, number of failing samples : 0",Editor script 1-2,,true,,25844,907,2,2,0,18,0
1541708893023,47,Change Post,200,"Number of samples in transaction : 2, number of failing samples : 0",Editor script 1-2,,true,,1703,3011,2,2,0,4,0
1541708893076,33,Open Predefined Date,200,OK,Editor script 1-1,text,true,,32453,910,2,2,33,0,0
1541708893128,19,Open Random Post,200,"Number of samples in transaction : 1, number of failing samples : 0",Editor script 1-1,,true,,25722,907,2,2,0,22,0
1541708893169,41,Change Post,200,"Number of samples in transaction : 2, number of failing samples : 0",Editor script 1-1,,true,,1579,3346,2,2,0,4,0
1541708893216,65,Open Predefined Date,200,OK,Editor script 1-2,text,true,,31979,910,2,2,65,0,0
1541708893300,16,Open Random Post,200,"Number of samples in transaction : 1, number of failing samples : 0",Editor script 1-2,,true,,25548,907,2,2,0,17,0
1541708893333,40,Change Post,200,"Number of samples in transaction : 2, number of failing samples : 0",Editor script 1-2,,true,,1404,2927,2,2,0,3,0
1541708893378,31,Open Predefined Date,200,OK,Editor script 1-1,text,true,,32441,910,2,2,31,0,0
1541708893429,17,Open Random Post,200,"Number of samples in transaction : 1, number of failing samples : 0",Editor script 1-1,,true,,26006,907,2,2,0,16,0
1541708893462,81,Change Post,200,"Number of samples in transaction : 2, number of failing samples : 0",Editor script 1-1,,true,,1867,2799,2,2,0,3,0
1541708893548,30,Open Predefined Date,200,OK,Editor script 1-2,text,true,,31137,910,2,2,30,0,0
1541708893597,22,Open Random Post,200,"Number of samples in transaction : 1, number of failing samples : 0",Editor script 1-2,,true,,25419,907,2,2,0,22,0
1541708893641,41,Change Post,200,"Number of samples in transaction : 2, number of failing samples : 0",Editor script 1-2,,true,,1277,3456,2,2,0,5,0
1541708893688,68,Open Predefined Date,200,OK,Editor script 1-1,text,true,,32252,910,2,2,68,0,0
1541708893776,18,Open Random Post,200,"Number of samples in transaction : 1, number of failing samples : 0",Editor script 1-1,,true,,25757,907,2,2,0,16,0
1541708893811,46,Change Post,200,"Number of samples in transaction : 2, number of failing samples : 0",Editor script 1-1,,true,,1614,3424,2,2,0,4,0
1541708893863,31,Open Predefined Date,200,OK,Editor script 1-2,text,true,,31821,910,2,2,31,0,0
1541708893913,17,Open Random Post,200,"Number of samples in transaction : 1, number of failing samples : 0",Editor script 1-2,,true,,25947,907,2,2,0,16,0
1541708893947,74,Change Post,200,"Number of samples in transaction : 2, number of failing samples : 0",Editor script 1-2,,true,,1806,2862,2,2,0,4,0
1541708894027,563,Open Predefined Date,200,OK,Editor script 1-1,text,true,,31819,910,2,2,563,0,0
1541708894609,17,Open Random Post,200,"Number of samples in transaction : 1, number of failing samples : 0",Editor script 1-1,,true,,25526,907,2,2,0,15,0
1541708894641,51,Change Post,200,"Number of samples in transaction : 2, number of failing samples : 0",Editor script 1-1,,true,,1435,3393,2,2,0,4,0
1541708894698,640,Open Predefined Date,200,OK,Editor script 1-2,text,true,,31536,910,2,2,640,0,0
1541708895210,18,Open Random Post,200,"Number of samples in transaction : 1, number of failing samples : 0",Editor script 1-2,,true,,25480,907,2,2,0,17,0
1541708895245,40,Change Post,200,"Number of samples in transaction : 2, number of failing samples : 0",Editor script 1-2,,true,,1336,3102,2,2,0,4,0
1541708895291,32,Open Predefined Date,200,OK,Editor script 1-1,text,true,,32240,910,2,2,32,0,0
1541708895346,17,Open Random Post,200,"Number of samples in transaction : 1, number of failing samples : 0",Editor script 1-1,,true,,25291,907,2,2,0,16,0
1541708895382,79,Change Post,200,"Number of samples in transaction : 2, number of failing samples : 0",Editor script 1-1,,true,,1149,2888,2,2,0,4,0
1541708895467,396,Open Predefined Date,200,OK,Editor script 1-2,text,true,,31740,910,2,2,396,0,0
1541708895882,23,Open Random Post,200,"Number of samples in transaction : 1, number of failing samples : 0",Editor script 1-2,,true,,25595,907,2,2,0,16,0
1541708895921,66,Change Post,200,"Number of samples in transaction : 2, number of failing samples : 0",Editor script 1-2,,true,,1452,2730,2,2,0,4,0
1541708895993,373,Open Predefined Date,200,OK,Editor script 1-1,text,true,,31958,910,2,2,373,0,1
1541708896392,21,Open Random Post,200,"Number of samples in transaction : 1, number of failing samples : 0",Editor script 1-1,,true,,25915,907,2,2,0,16,0
1541708896429,70,Change Post,200,"Number of samples in transaction : 2, number of failing samples : 0",Editor script 1-1,,true,,1774,2854,2,2,0,4,0
1541708896505,117,Open Predefined Date,200,OK,Editor script 1-1,text,true,,31391,910,2,2,117,0,0
1541708896642,20,Open Random Post,200,"Number of samples in transaction : 1, number of failing samples : 0",Editor script 1-1,,true,,25500,907,2,2,0,17,0
1541708896679,43,Change Post,200,"Number of samples in transaction : 2, number of failing samples : 0",Editor script 1-1,,true,,1406,3513,2,2,0,5,0
1541708896729,31,Open Predefined Date,200,OK,Editor script 1-1,text,true,,31845,910,2,2,31,0,0
1541708896779,16,Open Random Post,200,"Number of samples in transaction : 1, number of failing samples : 0",Editor script 1-1,,true,,25837,907,2,2,0,16,0
1541708896811,43,Change Post,200,"Number of samples in transaction : 2, number of failing samples : 0",Editor script 1-1,,true,,1696,2947,2,2,0,4,0
1541708880438,6235,Edit post transaction,200,"Number of samples in transaction : 150, number of failing samples : 0",Editor script 1-1,,true,,1490427,124490,2,2,4362,10710,5
1541708896859,57,Log out,200,OK,Editor script 1-1,text,true,,31982,1035,2,2,3,0,0
1541708896859,57,Log out transaction,200,"Number of samples in transaction : 1, number of failing samples : 0",Editor script 1-1,,true,,31982,1035,2,2,3,6,0
1541708896860,39,Open Predefined Date,200,OK,Editor script 1-2,text,true,,30860,910,2,2,39,0,0
1541708896925,59,Open Random Post,200,"Number of samples in transaction : 1, number of failing samples : 0",Editor script 1-2,,true,,25356,907,1,1,0,16,0
1541708897001,43,Change Post,200,"Number of samples in transaction : 2, number of failing samples : 0",Editor script 1-2,,true,,1212,2917,1,1,0,3,0
1541708897049,46,Open Predefined Date,200,OK,Editor script 1-2,text,true,,30915,910,1,1,45,0,0
1541708897113,18,Open Random Post,200,"Number of samples in transaction : 1, number of failing samples : 0",Editor script 1-2,,true,,25224,907,1,1,0,16,0
1541708897147,40,Change Post,200,"Number of samples in transaction : 2, number of failing samples : 0",Editor script 1-2,,true,,1080,2817,1,1,0,4,0
1541708880673,8253,Edit post transaction,200,"Number of samples in transaction : 150, number of failing samples : 0",Editor script 1-2,,true,,1473099,121536,1,1,4982,9039,4
1541708897193,33,Log out,200,OK,Editor script 1-2,text,true,,31982,1035,1,1,3,0,0
1541708897193,33,Log out transaction,200,"Number of samples in transaction : 1, number of failing samples : 0",Editor script 1-2,,true,,31982,1035,1,1,3,1,0
